{
  "books": [
    {
      "title": "Getting Started with Grunt",
      "rating": "4.6",
      "id": 1
    },
    {
      "id": 2,
      "isbn": 9781786462084,
      "rating": "4",
      "title": "Laravel 5.x Cookbook",
      "authors": "Alfred Nutile",
      "published": "September 2016",
      "description": "A recipe-based book to help you efficiently create amazing PHP-based applications with Laravel 5.x",
      "coverImage": "https://d255esdrn735hr.cloudfront.net/sites/default/files/imagecache/ppv4_main_book_cover/B05517_MockupCover_Cookbook_0.jpg"
    },
    {
      "title": "Sitecore Cookbook for Developers",
      "rating": "4.5",
      "id": 3
    },
    {
      "id": 4,
      "isbn": 9781783286935,
      "rating": "5.7",
      "title": "Sass and Compass Designers Cookbook",
      "authors": "Bass Jobsen",
      "published": "April 2016",
      "description": "Over 120 practical and easy-to-understand recipes that explain how to use Sass and Compass to write efficient, maintainable, and reusable CSS code for your web development projects",
      "coverImage": "https://d1ldz4te4covpm.cloudfront.net/sites/default/files/imagecache/ppv4_main_book_cover/I6935.jpg"
    },
    {
      "id": 6,
      "isbn": 9781849510004,
      "rating": "5.2",
      "title": "JavaScript Testing Beginners Guide",
      "authors": "Yuxian",
      "published": "August 2010",
      "description": "Test and debug JavaScript the easy way.",
      "coverImage": "https://dz13w8afd47il.cloudfront.net/sites/default/files/imagecache/ppv4_main_book_cover/0004OT_MockupCover_Beginers%20guide.jpg"
    },
    {
      "id": 7,
      "isbn": 9781785281341,
      "rating": "4.8",
      "title": "Mastering JavaScript",
      "authors": "Ved Antani",
      "published": "January 2016",
      "description": "Explore and master modern JavaScript techniques in order to build large-scale web applications.",
      "coverImage": "https://dz13w8afd47il.cloudfront.net/sites/default/files/imagecache/ppv4_main_book_cover/4709_1341OS_Mastering%20JavaScript.jpg"
    },
    {
      "id": 8,
      "isbn": 9781849694384,
      "rating": "5.3",
      "title": "Augmented Reality with Kinect",
      "authors": "Rui Wang",
      "published": "July 2013",
      "description": "Microsoft Kinect changes the notion of user interface design. It differs from most other user input controllers as it enables users to interact with the program without touching the mouse or a trackpad. It utilizes motion sensing technology and all it needs is a real-time cameras, tracked skeletons, and gestures.",
      "coverImage": "https://dz13w8afd47il.cloudfront.net/sites/default/files/imagecache/ppv4_main_book_cover/4384OT_Mini.jpg"
    },
    {
      "id": 9,
      "isbn": 9781785881572,
      "rating": "4.5",
      "title": "JavaScript Unlocked",
      "authors": "Dmitry Sheiko",
      "published": "December 2015",
      "description": "Improve your code maintainability, performance, and security through practical expert insights and unlock the full potential of JavaScript.",
      "coverImage": "https://d255esdrn735hr.cloudfront.net/sites/default/files/imagecache/ppv4_main_book_cover/1572OS_4886_Javascript%20Unlocked.jpg"
    },
    {
      "id": 10,
      "isbn": 9781849692380,
      "rating": "3.2",
      "title": "Kinect for Windows SDK Programming Guide",
      "authors": "Abhijit Jana",
      "published": "December 2012",
      "description": "Kinect has been a game-changer in the world of motion games and applications since its first release. It has been touted as a controller for Microsoft Xbox but is much more than that. The developer version of Kinect, Kinect for Windows SDK, provides developers with the tools to develop applications that run on Windows. You can use this to develop applications that make interaction with your computer hands-free.",
      "coverImage": "https://d1ldz4te4covpm.cloudfront.net/sites/default/files/imagecache/ppv4_main_book_cover/2380OT.jpg"
    },
    {
      "title": "MaanavaN Angular  Guide",
      "rating": "5.0",
      "id": 11
    }
  ]
}